{"proxies":{"ti.filepicker.TiFilepickerModule":{"superPackageName":"org.appcelerator.kroll","methods":{"pick":{"runOnUiThread":false,"hasInvocation":false,"args":[{"converter":"org.appcelerator.kroll.KrollConverter","defaultValueProvider":"org.appcelerator.kroll.KrollConverter","name":"options","sourceName":"options","type":"org.appcelerator.kroll.KrollDict"}],"apiName":"pick","converter":"org.appcelerator.kroll.KrollConverter","defaultValueProvider":"org.appcelerator.kroll.KrollConverter","name":"__default_name__","returnType":"void"}},"superProxyBindingClassName":"org.appcelerator.kroll.KrollModuleBindingGen","proxyClassName":"TiFilepickerModule","proxyAttrs":{"propertyAccessors":[],"fullAPIName":"TiFilepicker","name":"TiFilepicker","proxyClassName":"ti.filepicker.TiFilepickerModule","isTopLevel":false,"id":"ti.filepicker"},"packageName":"ti.filepicker","sourceName":"ti.filepicker.TiFilepickerModuleBindingGen","isTitaniumSdk":false,"superProxyClassName":"KrollModule","isModule":true,"genClassName":"TiFilepickerModuleBindingGen"}},"modules":{"ti.filepicker.TiFilepickerModule":{"apiName":"TiFilepicker"}}}